{
  "test/mockServer.html": 1598544211000,
  "test/integration/NavigationJourney.js": 1598544211000,
  "test/unit/controller/Boards.controller.js": 1598544211000,
  "test/integration/pages/Boards.js": 1598544211000,
  "test/integration/arrangements/Startup.js": 1598544211000,
  "test/unit/unitTests.qunit.js": 1598544211000,
  "test/unit/AllTests.js": 1598544211000,
  "test/integration/opaTests.qunit.js": 1598544211000,
  "manifest.json": 1598643055831,
  "test/integration/AllJourneys.js": 1598544211000,
  "test/initMockServer.js": 1598544211000,
  "model/models.js": 1598544211000,
  "localService/mockserver.js": 1598544211000,
  "controller/Boards.controller.js": 1598544211000,
  "Component.js": 1598544211000,
  "manifest-bundle.zip": 1598643055573,
  "Component-preload.js": 1598643055775,
  "test/integration/pages/Boards-dbg.js": 1598544211000,
  "test/unit/controller/Boards-dbg.controller.js": 1598544211000,
  "test/integration/arrangements/Startup-dbg.js": 1598544211000,
  "test/unit/unitTests.qunit-dbg.js": 1598544211000,
  "test/unit/AllTests-dbg.js": 1598544211000,
  "test/integration/opaTests.qunit-dbg.js": 1598544211000,
  "test/integration/NavigationJourney-dbg.js": 1598544211000,
  "test/integration/AllJourneys-dbg.js": 1598544211000,
  "test/initMockServer-dbg.js": 1598544211000,
  "model/models-dbg.js": 1598544211000,
  "localService/mockserver-dbg.js": 1598544211000,
  "controller/Boards-dbg.controller.js": 1598544211000,
  "Component-dbg.js": 1598544211000,
  "resources.json": 1598643055835,
  "test/unit/unitTests.qunit.html": 1598544211000,
  "test/integration/opaTests.qunit.html": 1598544211000,
  "view/Boards.view.xml": 1598544211000,
  "i18n/i18n.properties": 1598544211000,
  "css/style.css": 1598544211000,
  "index.html": 1598554806000
}